{
  "state": {
    "isStdOutTTY": true,
    "isStdErrTTY": true,
    "testRunDurationMs": 220312.839
  },
  "metrics": {
    "products_duration": {
      "type": "trend",
      "contains": "time",
      "values": {
        "avg": 2950.102675478265,
        "min": 153.261,
        "med": 508.8185,
        "max": 27755.8735,
        "p(90)": 9634.040350000017,
        "p(95)": 12252.571704999998
      },
      "thresholds": {
        "p(95)<2500": {
          "ok": false
        }
      }
    },
    "cart_duration": {
      "values": {
        "p(95)": 15018.443944999997,
        "avg": 5865.747885217397,
        "min": 744.898,
        "med": 4852.0342,
        "max": 20075.3975,
        "p(90)": 12022.02911
      },
      "thresholds": {
        "p(95)<5000": {
          "ok": false
        }
      },
      "type": "trend",
      "contains": "time"
    },
    "http_req_receiving": {
      "type": "trend",
      "contains": "time",
      "values": {
        "min": 0,
        "med": 0.50785,
        "max": 192.8901,
        "p(90)": 1.00001,
        "p(95)": 1.5259149999999986,
        "avg": 1.1383325418060188
      }
    },
    "http_req_duration{expected_response:true}": {
      "type": "trend",
      "contains": "time",
      "values": {
        "p(95)": 10148.838859999998,
        "avg": 1994.0977018735327,
        "min": 0.7384,
        "med": 405.3257,
        "max": 27755.8735,
        "p(90)": 6636.988940000003
      }
    },
    "data_received": {
      "type": "counter",
      "contains": "data",
      "values": {
        "rate": 1204465.7415539909,
        "count": 265359267
      }
    },
    "http_req_tls_handshaking": {
      "type": "trend",
      "contains": "time",
      "values": {
        "avg": 0,
        "min": 0,
        "med": 0,
        "max": 0,
        "p(90)": 0,
        "p(95)": 0
      }
    },
    "failed_requests": {
      "type": "rate",
      "contains": "default",
      "values": {
        "passes": 1,
        "fails": 2759,
        "rate": 0.00036231884057971015
      },
      "thresholds": {
        "rate<0.05": {
          "ok": true
        }
      }
    },
    "http_req_duration": {
      "contains": "time",
      "values": {
        "med": 405.3599,
        "max": 27755.8735,
        "p(90)": 6635.891119999999,
        "p(95)": 10147.217379999991,
        "avg": 1993.583035384612,
        "min": 0.7384
      },
      "thresholds": {
        "p(95)<2000": {
          "ok": false
        },
        "p(99)<5000": {
          "ok": false
        }
      },
      "type": "trend"
    },
    "group_duration": {
      "type": "trend",
      "contains": "time",
      "values": {
        "avg": 4020.5850962111826,
        "min": 0.7775,
        "med": 1386.1806,
        "max": 43466.6818,
        "p(90)": 11647.463880000008,
        "p(95)": 18685.215484999986
      }
    },
    "http_req_sending": {
      "type": "trend",
      "contains": "time",
      "values": {
        "max": 309.1196,
        "p(90)": 0,
        "p(95)": 0.5086099999999999,
        "avg": 0.14793127090300995,
        "min": 0,
        "med": 0
      }
    },
    "iteration_duration": {
      "type": "trend",
      "contains": "time",
      "values": {
        "min": 8352.7381,
        "med": 30784.4612,
        "max": 62755.8333,
        "p(90)": 47212.01124,
        "p(95)": 50312.896909999996,
        "avg": 29144.747879565206
      }
    },
    "customers_duration": {
      "type": "trend",
      "contains": "time",
      "values": {
        "min": 152.9041,
        "med": 385.43035,
        "max": 3714.514,
        "p(90)": 748.4450900000002,
        "p(95)": 1055.9090049999977,
        "avg": 456.7099528260868
      },
      "thresholds": {
        "p(95)<2500": {
          "ok": true
        }
      }
    },
    "categories_duration": {
      "type": "trend",
      "contains": "time",
      "values": {
        "avg": 1092.4564283695659,
        "min": 153.1956,
        "med": 398.40819999999997,
        "max": 20136.5607,
        "p(90)": 3352.5641400000004,
        "p(95)": 4867.125534999998
      },
      "thresholds": {
        "p(95)<2500": {
          "ok": false
        }
      }
    },
    "http_req_waiting": {
      "type": "trend",
      "contains": "time",
      "values": {
        "p(95)": 10146.393194999991,
        "avg": 1992.2967715718976,
        "min": 0.4705,
        "med": 404.7742,
        "max": 27755.8735,
        "p(90)": 6635.450389999999
      }
    },
    "vus": {
      "contains": "default",
      "values": {
        "min": 1,
        "max": 50,
        "value": 3
      },
      "type": "gauge"
    },
    "vus_max": {
      "contains": "default",
      "values": {
        "value": 50,
        "min": 50,
        "max": 50
      },
      "type": "gauge"
    },
    "http_req_failed": {
      "thresholds": {
        "rate<0.05": {
          "ok": true
        }
      },
      "type": "rate",
      "contains": "default",
      "values": {
        "rate": 0.00033444816053511704,
        "passes": 1,
        "fails": 2989
      }
    },
    "http_req_blocked": {
      "contains": "time",
      "values": {
        "avg": 0.03359183946488295,
        "min": 0,
        "med": 0,
        "max": 5.8519,
        "p(90)": 0,
        "p(95)": 0
      },
      "type": "trend"
    },
    "http_req_connecting": {
      "type": "trend",
      "contains": "time",
      "values": {
        "p(95)": 0,
        "avg": 0.019142140468227424,
        "min": 0,
        "med": 0,
        "max": 4.8486,
        "p(90)": 0
      }
    },
    "checks": {
      "type": "rate",
      "contains": "default",
      "values": {
        "rate": 0.9997101449275362,
        "passes": 3449,
        "fails": 1
      }
    },
    "total_requests": {
      "type": "counter",
      "contains": "default",
      "values": {
        "count": 2990,
        "rate": 13.571610322719321
      }
    },
    "iterations": {
      "type": "counter",
      "contains": "default",
      "values": {
        "rate": 1.0439700248245631,
        "count": 230
      }
    },
    "http_reqs": {
      "type": "counter",
      "contains": "default",
      "values": {
        "count": 2990,
        "rate": 13.571610322719321
      }
    },
    "data_sent": {
      "values": {
        "count": 600920,
        "rate": 2727.5759448590284
      },
      "type": "counter",
      "contains": "data"
    }
  },
  "root_group": {
    "name": "",
    "path": "",
    "id": "d41d8cd98f00b204e9800998ecf8427e",
    "groups": [
      {
        "path": "::Health Check",
        "id": "167c726a79efe9afd2c220eb9d49c1a2",
        "groups": [],
        "checks": [
            {
              "passes": 230,
              "fails": 0,
              "name": "GET / status 200",
              "path": "::Health Check::GET / status 200",
              "id": "2ac6bb433af61571b8645a479b0d7f51"
            }
          ],
        "name": "Health Check"
      },
      {
        "name": "Products - Read",
        "path": "::Products - Read",
        "id": "2906ec9396ac31e0fa40385045e85aa6",
        "groups": [],
        "checks": [
            {
              "name": "GET /products status 200",
              "path": "::Products - Read::GET /products status 200",
              "id": "313b08bc8c68835227c105ce14756764",
              "passes": 230,
              "fails": 0
            },
            {
              "fails": 0,
              "name": "GET /products has body",
              "path": "::Products - Read::GET /products has body",
              "id": "980f0b4634c5eeb54fd9a111d50e7172",
              "passes": 230
            },
            {
              "id": "9943c0d67f18e64c8cea89cdfb276a1b",
              "passes": 230,
              "fails": 0,
              "name": "GET /productsAvailable status 200",
              "path": "::Products - Read::GET /productsAvailable status 200"
            },
            {
              "fails": 1,
              "name": "GET /products/:id status 200",